Filename, Fuzzy Messages, Total Messages, Fuzzy Words, Total Words, Achievement
l10n/po/zh_CN/_posts/insights_1_transcription.adoc.po, 253, 253, 8843, 8843, 0%
l10n/po/zh_CN/_posts/insights_0_transcription.adoc.po, 116, 116, 3744, 3744, 0%
l10n/po/zh_CN/_posts/2023-05-09-ministry-of-economy-finance-uruguay-adopts-quarkus.adoc.po, 143, 145, 3673, 3675, 1%
l10n/po/zh_CN/_posts/2024-03-27-oidc-proxy.adoc.po, 102, 104, 2959, 2961, 1%
l10n/po/zh_CN/_posts/2021-09-13-decathlon-user-story.adoc.po, 86, 86, 2800, 2800, 0%
l10n/po/zh_CN/_posts/2021-06-08-quarkus-deploys-apps-on-openshift.adoc.po, 119, 119, 2762, 2762, 0%
l10n/po/zh_CN/_posts/2023-09-19-virtual-thread-1.adoc.po, 67, 67, 2505, 2505, 0%
l10n/po/zh_CN/_posts/2022-04-05-camel-quarkus-effortless-apis.adoc.po, 110, 111, 2495, 2496, 1%
l10n/po/zh_CN/_posts/2023-04-26-quarkus-3-0-final-released.adoc.po, 154, 156, 2472, 2474, 1%
l10n/po/zh_CN/_posts/2022-02-22-quarkus-superheroes-to-the-rescue.adoc.po, 90, 91, 2364, 2365, 1%
l10n/po/zh_CN/_posts/2023-09-11-live-diff-and-update-using-idea.adoc.po, 101, 103, 2336, 2338, 1%
l10n/po/zh_CN/_posts/2023-12-04-testing-quarkus-with-citrus.adoc.po, 92, 92, 2298, 2298, 0%
l10n/po/zh_CN/_posts/2020-11-02-quarkus-native-on-a-raspberry-pi.adoc.po, 147, 149, 2156, 2158, 1%
l10n/po/zh_CN/_posts/2021-02-10-resteasy-reactive-faq.adoc.po, 56, 57, 2077, 2078, 1%
l10n/po/zh_CN/_posts/2021-09-01-using-lra.adoc.po, 81, 82, 2068, 2069, 1%
l10n/po/zh_CN/_posts/2022-05-31-banco-do-brasil-open-banking-user-story.adoc.po, 84, 85, 2028, 2029, 1%
l10n/po/zh_CN/_posts/2023-06-23-quarkus-cli.adoc.po, 90, 90, 1932, 1932, 0%
l10n/po/zh_CN/_posts/2021-12-02-logicdrop-automating-quarkus-with-gitlab.adoc.po, 120, 121, 1876, 1877, 1%
l10n/po/zh_CN/_posts/2020-05-06-sedona-rewrites-insurance-premium.adoc.po, 50, 50, 1815, 1815, 0%
l10n/po/zh_CN/_posts/2020-10-05-contributing-for-the-first-time.adoc.po, 77, 79, 1795, 1797, 1%
l10n/po/zh_CN/_posts/2020-03-16-ennovativesolutions-uses-quarkus-with-aws-lambda.adoc.po, 58, 58, 1694, 1694, 0%
l10n/po/zh_CN/_posts/2021-03-04-path-resolution-in-quarkus.adoc.po, 82, 82, 1681, 1681, 0%
l10n/po/zh_CN/_posts/2023-07-12-on-the-road-to-cdi-compatibility.adoc.po, 38, 38, 1666, 1666, 0%
l10n/po/zh_CN/_posts/2024-04-22-ship-cars-leverages-quarkus-to-reach-its-goals.adoc.po, 52, 52, 1644, 1644, 0%
l10n/po/zh_CN/_posts/2019-11-13-vodafone-greece-replaces-spring-boot.adoc.po, 33, 35, 1598, 1600, 1%
l10n/po/zh_CN/_posts/2019-07-08-runtime-performance.adoc.po, 216, 218, 1570, 1572, 1%
l10n/po/zh_CN/_posts/2020-04-21-io-thread-benchmark.adoc.po, 55, 56, 1540, 1541, 1%
l10n/po/zh_CN/_posts/2020-02-17-aviatar-experiences-significant-savings.adoc.po, 31, 31, 1495, 1495, 0%
l10n/po/zh_CN/_posts/2022-11-24-reactive-crud-performance-case-study.adoc.po, 88, 100, 1472, 1690, 13%
l10n/po/zh_CN/_posts/2020-12-08-resteasy-reactive.adoc.po, 57, 58, 1471, 1473, 1%
l10n/po/zh_CN/_posts/2020-02-10-asiakastieto-chooses-quarkus-for-microservices.adoc.po, 31, 32, 1446, 1448, 1%
l10n/po/zh_CN/_posts/2023-10-10-intellij-quarkus-recap.adoc.po, 95, 95, 1435, 1435, 0%
l10n/po/zh_CN/_posts/2020-11-03-kafka-commit-strategies.adoc.po, 44, 45, 1435, 1436, 1%
l10n/po/zh_CN/_posts/2024-04-25-search-indexing-rollover.adoc.po, 55, 55, 1413, 1413, 0%
l10n/po/zh_CN/_posts/2021-09-20-logicdrop-customer-story.adoc.po, 96, 96, 1413, 1413, 0%
l10n/po/zh_CN/_posts/2021-11-30-quarkus-native-neo4j-call-tree.adoc.po, 47, 47, 1397, 1397, 0%
l10n/po/zh_CN/_posts/2020-07-08-quarkus-1-6-0-final-released.adoc.po, 84, 87, 1383, 1388, 1%
l10n/po/zh_CN/_posts/2023-07-27-native-startup-rss-troubleshooting.adoc.po, 29, 29, 1382, 1382, 0%
l10n/po/zh_CN/_posts/2020-03-19-quarkus-1-3-0-final-released.adoc.po, 96, 97, 1376, 1377, 1%
l10n/po/zh_CN/_posts/2023-11-16-quarkus-meets-langchain4j.adoc.po, 50, 50, 1371, 1371, 0%
l10n/po/zh_CN/_posts/2020-09-23-cytech-customer-story.adoc.po, 18, 18, 1366, 1366, 0%
l10n/po/zh_CN/_posts/2019-06-26-kafka-streams-applications-with-quarkus-and-microprofile.adoc.po, 39, 41, 1355, 1358, 1%
l10n/po/zh_CN/_posts/2019-06-05-quarkus-and-web-ui-development-mode.adoc.po, 52, 52, 1332, 1332, 0%
l10n/po/zh_CN/_posts/2019-12-11-talkdesk-chooses-quarkus-for-fast-innovation.adoc.po, 44, 44, 1331, 1331, 0%
l10n/po/zh_CN/_posts/2024-04-18-quarkus-saas-backend-time-tracking-app-case-study.adoc.po, 27, 28, 1316, 1317, 1%
l10n/po/zh_CN/_posts/2020-03-19-eclipse-got-quarkused.adoc.po, 70, 71, 1311, 1312, 1%
l10n/po/zh_CN/_posts/2020-04-08-why-did-payair-technologies-switch-to-quarkus.adoc.po, 39, 40, 1310, 1313, 1%
l10n/po/zh_CN/_posts/2020-10-27-mutiny-back-pressure.adoc.po, 53, 53, 1294, 1294, 0%
l10n/po/zh_CN/_posts/2022-06-29-nativejdb-debugger-for-native-images.adoc.po, 44, 46, 1283, 1285, 1%
l10n/po/zh_CN/_posts/2024-04-03-changing-loggers-level-from-unleash.adoc.po, 59, 61, 1267, 1269, 1%
l10n/po/zh_CN/_posts/2022-04-04-vscode-quarkus-1.10.0-qute.adoc.po, 72, 72, 1267, 1267, 0%
l10n/po/zh_CN/_posts/2020-10-27-experimental_graphql.adoc.po, 89, 90, 1262, 1263, 1%
l10n/po/zh_CN/_posts/2022-09-15-redis-job-queue.adoc.po, 51, 51, 1250, 1250, 0%
l10n/po/zh_CN/_posts/2024-01-31-quarkus-3-7-released.adoc.po, 81, 82, 1225, 1226, 1%
l10n/po/zh_CN/_posts/2023-01-31-quarkus-3-7-released.adoc.po, 81, 82, 1225, 1226, 1%
l10n/po/zh_CN/_posts/2021-01-20-quarkus-1-11-0-final-released.adoc.po, 78, 80, 1223, 1226, 1%
l10n/po/zh_CN/_posts/2020-09-14-wipro-customer-story.adoc.po, 32, 32, 1212, 1212, 0%
l10n/po/zh_CN/_posts/2021-01-12-magic-control.adoc.po, 54, 54, 1199, 1199, 0%
l10n/po/zh_CN/_posts/2022-04-27-monitoring-quarkus-jvm-mode-with-cryostat.adoc.po, 40, 40, 1180, 1180, 0%
l10n/po/zh_CN/_posts/2022-11-17-our-bumpy-road-to-jakarta-ee-10.adoc.po, 60, 60, 1172, 1172, 0%
l10n/po/zh_CN/_posts/2021-08-23-resteasy-reactive-smart-dispatch.adoc.po, 58, 58, 1172, 1172, 0%
l10n/po/zh_CN/_posts/2021-09-15-adoptium-customer-story.adoc.po, 32, 32, 1169, 1169, 0%
l10n/po/zh_CN/_posts/2024-03-27-quarkus-3-9-1-released.adoc.po, 63, 64, 1161, 1162, 1%
l10n/po/zh_CN/_posts/2020-12-01-kafka-cloud-events.adoc.po, 38, 38, 1158, 1158, 0%
l10n/po/zh_CN/_posts/2023-11-23-stork-latest-news.adoc.po, 43, 44, 1150, 1151, 1%
l10n/po/zh_CN/_posts/2022-01-13-quarkus-aws-cloudwatch_extension.adoc.po, 32, 34, 1145, 1148, 1%
l10n/po/zh_CN/_posts/2019-10-12-quarkus-0-24.0-released.adoc.po, 55, 57, 1142, 1145, 1%
l10n/po/zh_CN/_posts/2021-06-30-quarkus-2-0-0-final-released.adoc.po, 59, 61, 1140, 1143, 1%
l10n/po/zh_CN/_posts/2022-04-20-solving-problems-with-extensions.adoc.po, 55, 56, 1133, 1134, 1%
l10n/po/zh_CN/_posts/2020-06-23-supersonic-subatomic-graphql.adoc.po, 68, 68, 1127, 1127, 0%
l10n/po/zh_CN/_posts/2020-04-29-mocking.adoc.po, 49, 49, 1124, 1124, 0%
l10n/po/zh_CN/_posts/2019-12-23-quarkus-1-1-0-final-released.adoc.po, 55, 57, 1117, 1120, 1%
l10n/po/zh_CN/_posts/2021-06-22-abraxas-customer-story.adoc.po, 51, 53, 1110, 1112, 1%
l10n/po/zh_CN/_posts/2022-07-15-stork-load-balancing.adoc.po, 50, 50, 1109, 1109, 0%
l10n/po/zh_CN/_posts/2020-01-28-vscode-quarkus-1.3.0.adoc.po, 80, 80, 1109, 1109, 0%
l10n/po/zh_CN/_posts/2021-04-20-solving-problems-with-custom-extensions.adoc.po, 62, 62, 1097, 1097, 0%
l10n/po/zh_CN/_posts/2022-08-31-quarkus-helm.adoc.po, 55, 55, 1095, 1095, 0%
l10n/po/zh_CN/_posts/2021-12-22-quarkus-2-6-0-final-released.adoc.po, 62, 63, 1092, 1093, 1%
l10n/po/zh_CN/_posts/2019-09-23-quarkus-developer-joy-for-vs-code.adoc.po, 48, 48, 1091, 1091, 0%
l10n/po/zh_CN/_posts/2020-05-12-native-command-mode-tools.adoc.po, 35, 35, 1070, 1070, 0%
l10n/po/zh_CN/_posts/2023-08-23-quarkus-3-3-0-released.adoc.po, 63, 67, 1050, 1055, 1%
l10n/po/zh_CN/_posts/2022-08-30-kafka-serde.adoc.po, 46, 47, 1031, 1032, 1%
l10n/po/zh_CN/_posts/2022-11-28-quarkus-support-for-aws-lambda-snapstart.adoc.po, 63, 64, 1029, 1030, 1%
l10n/po/zh_CN/_posts/2024-02-27-quarkus-kiota.adoc.po, 41, 41, 1018, 1018, 0%
l10n/po/zh_CN/_posts/2023-01-16-native-adopts-adaptive-gc-policy.adoc.po, 22, 22, 1010, 1010, 0%
l10n/po/zh_CN/_posts/2021-03-30-quarkus-1-13-0-final-released.adoc.po, 59, 60, 1010, 1011, 1%
l10n/po/zh_CN/_posts/2020-01-28-quarkus-1-2-0-final-released.adoc.po, 68, 70, 1009, 1011, 1%
l10n/po/zh_CN/_posts/2022-11-22-redis-job-queue-reloaded.adoc.po, 33, 33, 1002, 1002, 0%
l10n/po/zh_CN/_posts/2019-07-25-quarkus-dependency-injection.adoc.po, 37, 39, 1001, 1004, 1%
l10n/po/zh_CN/_posts/2020-02-24-qute.adoc.po, 47, 48, 999, 1000, 1%
l10n/po/zh_CN/_posts/2020-12-01-quarkus-1-10-2-final-released.adoc.po, 72, 73, 992, 993, 1%
l10n/po/zh_CN/_posts/2022-02-02-quarkus-2-7-0-final-released.adoc.po, 72, 73, 987, 988, 1%
l10n/po/zh_CN/_posts/2021-04-15-gui-react-patternfly.adoc.po, 40, 40, 985, 985, 0%
l10n/po/zh_CN/_posts/2020-10-21-quarkus-1-9-0-final-released.adoc.po, 57, 59, 984, 988, 1%
l10n/po/zh_CN/_posts/2020-08-13-quarkus-1-7-0-final-released.adoc.po, 63, 64, 982, 983, 1%
l10n/po/zh_CN/_posts/2019-11-06-gowithflow-chooses-quarkus-to-deliver-fast-to-production.adoc.po, 37, 37, 982, 982, 0%
l10n/po/zh_CN/_posts/2020-10-20-kafka-failure-strategy.adoc.po, 44, 47, 978, 990, 2%
l10n/po/zh_CN/_posts/2022-11-10-road-to-quarkus-3.adoc.po, 55, 55, 975, 975, 0%
l10n/po/zh_CN/_posts/2019-07-31-quarkus-0-20-0-released.adoc.po, 49, 50, 972, 973, 1%
l10n/po/zh_CN/_posts/2019-11-25-quarkus-1-0-0-Final-bits-are-here.adoc.po, 33, 34, 971, 972, 1%
l10n/po/zh_CN/_posts/2022-09-13-aphp-user-story.adoc.po, 39, 39, 969, 969, 0%
l10n/po/zh_CN/_posts/2022-09-07-redis-api-intro.adoc.po, 46, 47, 964, 965, 1%
l10n/po/zh_CN/_posts/2023-04-19-vscode-quarkus-1.13.0-released.adoc.po, 59, 59, 963, 963, 0%
l10n/po/zh_CN/_posts/2021-02-02-getting-started-amqp.adoc.po, 50, 50, 962, 962, 0%
l10n/po/zh_CN/_posts/2023-10-20-cve-2023-44487.adoc.po, 31, 31, 955, 955, 0%
l10n/po/zh_CN/_posts/2019-11-21-vscode-quarkus-1.2.0.adoc.po, 49, 49, 953, 953, 0%
l10n/po/zh_CN/_posts/2023-02-10-jpastreamer-extension.adoc.po, 39, 39, 937, 937, 0%
l10n/po/zh_CN/_posts/2023-09-20-quarkus-observability-3-3.adoc.po, 56, 57, 927, 928, 1%
l10n/po/zh_CN/_posts/2020-08-19-openapi-for-everyone.adoc.po, 53, 53, 922, 922, 0%
l10n/po/zh_CN/_posts/2023-05-15-pact-and-quarkus-3.adoc.po, 40, 40, 917, 917, 0%
l10n/po/zh_CN/_posts/2022-07-27-quarkus-2-11-1-final-released.adoc.po, 52, 53, 913, 914, 1%
l10n/po/zh_CN/_posts/2023-07-05-quarkus-3-2-0-final-released.adoc.po, 52, 54, 906, 908, 1%
l10n/po/zh_CN/_posts/2023-11-30-java-17.adoc.po, 34, 34, 903, 903, 0%
l10n/po/zh_CN/_posts/2022-08-30-solving-problems-with-extensions-2.adoc.po, 45, 46, 901, 902, 1%
l10n/po/zh_CN/_posts/2020-11-24-mutiny-vertx.adoc.po, 46, 46, 901, 901, 0%
l10n/po/zh_CN/_posts/2022-03-28-vscode-quarkus-1.10.0.adoc.po, 36, 36, 889, 889, 0%
l10n/po/zh_CN/_posts/2020-04-27-quarkus-1-4-final-released.adoc.po, 65, 66, 877, 878, 1%
l10n/po/zh_CN/_posts/2020-09-30-biased-locking-help.adoc.po, 35, 35, 871, 871, 0%
l10n/po/zh_CN/_posts/2023-02-23-kubernetes-native-development-with-quarkus-and-eclipse-jkube.adoc.po, 24, 25, 870, 871, 1%
l10n/po/zh_CN/_posts/2021-01-18-getting-started-kafka.adoc.po, 44, 44, 870, 870, 0%
l10n/po/zh_CN/_posts/2020-09-02-mutiny-redis.adoc.po, 42, 42, 860, 860, 0%
l10n/po/zh_CN/_posts/2023-03-08-quarkus-3-0-0-alpha5-released.adoc.po, 54, 54, 852, 852, 0%
l10n/po/zh_CN/_posts/2022-05-19-quinoa-modern-ui-with-no-hassle.adoc.po, 31, 32, 850, 851, 1%
l10n/po/zh_CN/_posts/2019-11-08-quarkus-for-spring-developers.adoc.po, 25, 25, 850, 850, 0%
l10n/po/zh_CN/_posts/2020-09-22-kafka-avro.adoc.po, 48, 49, 846, 847, 1%
l10n/po/zh_CN/_posts/2022-12-14-quarkus-2-15-0-final-released.adoc.po, 64, 65, 843, 844, 1%
l10n/po/zh_CN/_posts/2020-09-08-kafka-rest-client.adoc.po, 35, 35, 843, 843, 0%
l10n/po/zh_CN/_posts/2024-04-30-quarkus-3-10-0-released.adoc.po, 47, 48, 842, 843, 1%
l10n/po/zh_CN/_posts/2020-06-03-quarkus-1-5-final-released.adoc.po, 66, 69, 840, 843, 1%
l10n/po/zh_CN/_posts/2020-09-15-quarkus-1-8-0-final-released.adoc.po, 49, 51, 837, 841, 1%
l10n/po/zh_CN/_posts/2023-07-10-quarkus-component-test.adoc.po, 38, 40, 831, 833, 1%
l10n/po/zh_CN/_posts/2019-09-26-quarkus-0-23-1-released.adoc.po, 50, 53, 831, 836, 1%
l10n/po/zh_CN/_posts/2021-07-30-quarkus-2x-platform-quarkiverse-registry.adoc.po, 32, 32, 817, 817, 0%
l10n/po/zh_CN/_posts/2022-04-12-quarkus-2-8-0-final-released.adoc.po, 46, 48, 814, 817, 1%
l10n/po/zh_CN/_posts/2023-10-25-quarkus-3-5-0-released.adoc.po, 49, 50, 812, 813, 1%
l10n/po/zh_CN/_posts/2023-11-29-quarkus-3-6-0-released.adoc.po, 59, 60, 805, 806, 1%
l10n/po/zh_CN/_posts/2020-08-25-backports-application.adoc.po, 48, 49, 805, 807, 1%
l10n/po/zh_CN/_posts/2022-05-11-quarkus-2-9-0-final-released.adoc.po, 57, 58, 802, 803, 1%
l10n/po/zh_CN/_posts/2020-09-15-mutiny-pagination.adoc.po, 36, 36, 801, 801, 0%
l10n/po/zh_CN/_posts/2020-10-13-uni-retry.adoc.po, 39, 39, 795, 795, 0%
l10n/po/zh_CN/_posts/2022-12-19-stargate-selects-quarkus-for-its-v2-implementation.adoc.po, 37, 38, 784, 785, 1%
l10n/po/zh_CN/_posts/2022-06-21-qute-templates-from-db.adoc.po, 33, 34, 777, 778, 1%
l10n/po/zh_CN/_posts/2022-11-08-quarkus-observability-roadmap-2023.adoc.po, 19, 19, 772, 772, 0%
l10n/po/zh_CN/_posts/2023-06-26-podman-for-windows.adoc.po, 35, 36, 771, 772, 1%
l10n/po/zh_CN/_posts/2022-02-17-stork-kubernetes-discovery.adoc.po, 39, 41, 771, 774, 1%
l10n/po/zh_CN/_posts/2023-09-30-virtual-threads-4.adoc.po, 20, 20, 766, 766, 0%
l10n/po/zh_CN/_posts/2021-12-20-upx.adoc.po, 37, 38, 761, 765, 1%
l10n/po/zh_CN/_posts/2021-04-22-quarkus-2-0-0-alpha1-released.adoc.po, 41, 43, 742, 745, 1%
l10n/po/zh_CN/_posts/2019-12-18-why-graalvm-19-2.adoc.po, 24, 24, 741, 741, 0%
l10n/po/zh_CN/_posts/2021-03-15-micrometer-prometheus-openshift.adoc.po, 40, 40, 726, 726, 0%
l10n/po/zh_CN/_posts/2021-02-23-quarkus-1-12-0-final-released.adoc.po, 45, 46, 725, 726, 1%
l10n/po/zh_CN/_posts/2022-06-22-quarkus-2-10-0-final-released.adoc.po, 50, 51, 724, 725, 1%
l10n/po/zh_CN/_posts/2024-03-21-the-big-rename.adoc.po, 31, 31, 723, 723, 0%
l10n/po/zh_CN/_posts/2020-04-28-quarkus-mutual-tls.adoc.po, 79, 81, 720, 723, 1%
l10n/po/zh_CN/_posts/2021-11-24-quarkus-2-5-0-final-released.adoc.po, 50, 53, 715, 718, 1%
l10n/po/zh_CN/_posts/2019-10-30-quarkus-0-27-0-released.adoc.po, 37, 39, 704, 707, 1%
l10n/po/zh_CN/_posts/2020-10-19-micrometer-metrics.adoc.po, 23, 23, 693, 693, 0%
l10n/po/zh_CN/_posts/2023-09-23-virtual-threads-2.adoc.po, 28, 29, 688, 689, 1%
l10n/po/zh_CN/_posts/2021-09-23-unused-beans.adoc.po, 25, 26, 686, 687, 1%
l10n/po/zh_CN/_posts/2021-11-23-smallrye-stork-intro.adoc.po, 27, 28, 685, 686, 1%
l10n/po/zh_CN/_posts/2024-02-28-quarkus-3-8-released.adoc.po, 44, 45, 683, 684, 1%
l10n/po/zh_CN/_posts/2023-03-30-quarkus-3-0-0-cr1-released.adoc.po, 55, 55, 673, 673, 0%
l10n/po/zh_CN/_posts/2019-07-11-quarkus-0-19.1-released.adoc.po, 41, 42, 669, 670, 1%
l10n/po/zh_CN/_posts/2021-12-03-quarkus-devservices-testcontainers-podman.adoc.po, 30, 30, 667, 667, 0%
l10n/po/zh_CN/_posts/2023-05-20-quarkus-3-upgrade.adoc.po, 38, 40, 664, 666, 1%
l10n/po/zh_CN/_posts/2022-11-09-quarkus-2-14-0-final-released.adoc.po, 44, 45, 651, 652, 1%
l10n/po/zh_CN/_posts/2023-09-25-virtual-threads-3.adoc.po, 24, 24, 646, 646, 0%
l10n/po/zh_CN/_posts/2022-05-23-intellij-quarkus-tools-1.11.0.adoc.po, 42, 42, 643, 643, 0%
l10n/po/zh_CN/_posts/2020-10-06-reactive-messaging-emitter.adoc.po, 23, 25, 639, 642, 1%
l10n/po/zh_CN/_posts/2021-08-31-quarkus-2-2-1-final-released.adoc.po, 43, 44, 631, 632, 1%
l10n/po/zh_CN/_posts/2020-12-03-quarkiverse.adoc.po, 36, 36, 631, 631, 0%
l10n/po/zh_CN/_posts/2023-07-05-lts-releases.adoc.po, 20, 21, 616, 619, 1%
l10n/po/zh_CN/_posts/2019-08-01-quarkus-app-circleci-build.adoc.po, 29, 31, 613, 615, 1%
l10n/po/zh_CN/_posts/2023-05-31-quarkus-3-1-0-final-released.adoc.po, 40, 41, 597, 598, 1%
l10n/po/zh_CN/_posts/2020-04-15-vscode-quarkus-1.4.0.adoc.po, 42, 42, 593, 593, 0%
l10n/po/zh_CN/_posts/2021-12-15-quarkus-and-CVE-2021-4428.adoc.po, 19, 19, 591, 591, 0%
l10n/po/zh_CN/_posts/2023-09-20-quarkus-3-4-1-released.adoc.po, 36, 37, 584, 585, 1%
l10n/po/zh_CN/_posts/2020-05-05-introducing-command-mode.adoc.po, 34, 34, 583, 583, 0%
l10n/po/zh_CN/_posts/2023-02-09-datacater-uses-quarkus-to-make-data-streaming-accessible.adoc.po, 21, 22, 576, 577, 1%
l10n/po/zh_CN/_posts/2023-04-05-quarkus-3-0-0-cr2-released.adoc.po, 43, 43, 572, 572, 0%
l10n/po/zh_CN/_posts/2020-08-20-codestarts-preview.adoc.po, 32, 32, 569, 569, 0%
l10n/po/zh_CN/_posts/2023-12-14-virtual-threads-6.adoc.po, 32, 32, 560, 560, 0%
l10n/po/zh_CN/_posts/2024-04-23-heapdump-oome-native.adoc.po, 18, 18, 557, 557, 0%
l10n/po/zh_CN/_posts/2022-11-18-quarkus-3-0-0-alpha1-released.adoc.po, 40, 40, 554, 554, 0%
l10n/po/zh_CN/_posts/2020-01-20-sentry-the-guardian-of-your-quarkus-app.adoc.po, 28, 28, 549, 549, 0%
l10n/po/zh_CN/_posts/2023-03-23-quarkus-3-0-0-beta1-released.adoc.po, 44, 44, 537, 537, 0%
l10n/po/zh_CN/_posts/2020-11-25-stylish-api.adoc.po, 47, 47, 536, 536, 0%
l10n/po/zh_CN/_posts/2019-06-27-quarkus-0-18-released.adoc.po, 29, 30, 534, 535, 1%
l10n/po/zh_CN/_posts/2024-01-26-quarkus-3-2-10-final-released.adoc.po, 42, 42, 532, 532, 0%
l10n/po/zh_CN/_posts/2020-04-24-quarkus-summit-2020.adoc.po, 57, 57, 529, 529, 0%
l10n/po/zh_CN/_posts/2023-01-25-quarkus-2-16-0-final-released.adoc.po, 33, 36, 522, 525, 1%
l10n/po/zh_CN/_posts/2020-11-10-mutiny-invoke-and-call.adoc.po, 36, 39, 520, 547, 5%
l10n/po/zh_CN/_posts/2023-12-19-our-plans-for-quarkus-3-7-3-8-3-9-released.adoc.po, 31, 31, 516, 516, 0%
l10n/po/zh_CN/_posts/2020-03-23-quarkus-eclipse-microprofile-3-3.adoc.po, 28, 28, 513, 513, 0%
l10n/po/zh_CN/_posts/2021-02-25-migrating-existing-apps-to-quarkus-with-mta.adoc.po, 14, 14, 511, 511, 0%
l10n/po/zh_CN/_posts/2022-09-28-quarkus-2-13-0-final-released.adoc.po, 28, 29, 509, 510, 1%
l10n/po/zh_CN/_posts/2023-02-15-quarkus-3-0-0-alpha4-released.adoc.po, 39, 39, 507, 507, 0%
l10n/po/zh_CN/_posts/2021-10-27-quarkus-2-4-0-final-released.adoc.po, 30, 31, 490, 491, 1%
l10n/po/zh_CN/_posts/2023-01-23-quarkus-3-0-0-alpha3-released.adoc.po, 32, 32, 487, 487, 0%
l10n/po/zh_CN/_posts/2019-11-04-quarkus-0-28-1-released.adoc.po, 28, 29, 477, 478, 1%
l10n/po/zh_CN/_posts/2020-08-24-mutiny-failure-handling.adoc.po, 24, 24, 474, 474, 0%
l10n/po/zh_CN/_posts/2019-10-16-quarkus-0-25.0-released.adoc.po, 35, 36, 465, 466, 1%
l10n/po/zh_CN/_posts/2021-10-06-quarkus-2-3-0-final-released.adoc.po, 27, 28, 453, 454, 1%
l10n/po/zh_CN/_posts/2020-07-10-quarkus-test-profiles.adoc.po, 17, 17, 450, 450, 0%
l10n/po/zh_CN/_posts/2020-09-29-mutiny-concurrent-uni.adoc.po, 22, 22, 446, 446, 0%
l10n/po/zh_CN/_posts/2019-08-01-hibernate-orm-config-profiles.adoc.po, 12, 12, 444, 444, 0%
l10n/po/zh_CN/_posts/2022-12-07-quarkus-3-0-0-alpha2-released.adoc.po, 29, 29, 442, 442, 0%
l10n/po/zh_CN/_posts/2019-06-18-hibernate-search-extension.adoc.po, 25, 26, 440, 442, 1%
l10n/po/zh_CN/_posts/2022-08-31-quarkus-2-12-0-final-released.adoc.po, 29, 30, 434, 435, 1%
l10n/po/zh_CN/_posts/2021-12-02-website-and-discussions.adoc.po, 20, 20, 434, 434, 0%
l10n/po/zh_CN/_posts/2019-10-23-quarkus-0-26-1-released.adoc.po, 27, 28, 433, 434, 1%
l10n/po/zh_CN/_posts/2021-07-29-quarkus-2-1-0-final-released.adoc.po, 25, 26, 420, 421, 1%
l10n/po/zh_CN/_posts/2020-12-07-extension-codestarts-a-new-way-to-learn-and-discover-quarkus.adoc.po, 23, 23, 418, 418, 0%
l10n/po/zh_CN/_posts/2020-07-09-quarkus-cassandra-extension-released.adoc.po, 12, 12, 416, 416, 0%
l10n/po/zh_CN/_posts/2020-06-25-quarkus-grpc.adoc.po, 29, 29, 414, 414, 0%
l10n/po/zh_CN/_posts/2023-03-15-quarkus-3-0-0-alpha6-released.adoc.po, 31, 31, 400, 400, 0%
l10n/po/zh_CN/_posts/2022-11-28-quarkus-2-14-2-final-released.adoc.po, 29, 29, 395, 395, 0%
l10n/po/zh_CN/_posts/2019-11-06-announcing-quarkus-1-0.adoc.po, 12, 12, 382, 382, 0%
l10n/po/zh_CN/_posts/2020-08-25-quarkus-day-2020.adoc.po, 16, 16, 371, 371, 0%
l10n/po/zh_CN/_posts/2020-06-24-intellij-quarkus-tools-1.0.0.adoc.po, 37, 37, 369, 369, 0%
l10n/po/zh_CN/_posts/2020-04-28-eclipse-quarkus-tools-4.15.0.Final.adoc.po, 30, 30, 366, 366, 0%
l10n/po/zh_CN/_posts/2019-09-16-quarkus-0-22-0-released.adoc.po, 23, 24, 366, 367, 1%
l10n/po/zh_CN/_posts/2023-07-24-quarkus-3-2-2-final-released.adoc.po, 22, 22, 360, 360, 0%
l10n/po/zh_CN/_posts/2024-03-19-quarkus-3-8-3-released.adoc.po, 25, 25, 358, 358, 0%
l10n/po/zh_CN/_posts/2021-06-22-calling-all-roadies.adoc.po, 31, 31, 357, 357, 0%
l10n/po/zh_CN/_posts/2019-10-31-vscode-quarkus-1.1.0.adoc.po, 31, 31, 350, 350, 0%
l10n/po/zh_CN/_posts/2020-01-24-quarkus-wins-devies-award.adoc.po, 5, 5, 342, 342, 0%
l10n/po/zh_CN/_posts/2020-03-28-quarkus-1-3-1-final-released.adoc.po, 23, 23, 341, 341, 0%
l10n/po/zh_CN/_posts/2019-05-05-quarkus-has-a-new-logo.adoc.po, 13, 13, 341, 341, 0%
l10n/po/zh_CN/_posts/2020-12-08-avro-native.adoc.po, 21, 21, 339, 339, 0%
l10n/po/zh_CN/_posts/2019-10-02-quarkus-0-23-2-released.adoc.po, 21, 22, 339, 340, 1%
l10n/po/zh_CN/_posts/2023-10-19-virtual-threads-5.adoc.po, 19, 19, 327, 327, 0%
l10n/po/zh_CN/_posts/2023-09-14-cve-2023-4853.adoc.po, 25, 25, 316, 316, 0%
l10n/po/zh_CN/_posts/2020-01-21-march-of-ides.adoc.po, 33, 58, 312, 393, 21%
l10n/po/zh_CN/_posts/2019-11-20-quarkus-1-0-0-CR2-released.adoc.po, 17, 18, 312, 313, 1%
l10n/po/zh_CN/_posts/2020-06-15-quarkus-hackathon-announcement.adoc.po, 31, 31, 308, 308, 0%
l10n/po/zh_CN/_posts/2024-04-17-quarkus-3-2-12-final-released.adoc.po, 26, 26, 304, 304, 0%
l10n/po/zh_CN/_posts/2020-01-21-quarkus-eclipse-microprofile-3-2-compatible.adoc.po, 6, 6, 295, 295, 0%
l10n/po/zh_CN/_posts/2020-04-30-insights.adoc.po, 18, 18, 290, 290, 0%
l10n/po/zh_CN/_posts/2023-09-15-quarkus-newsletter-36.adoc.po, 6, 6, 273, 273, 0%
l10n/po/zh_CN/_posts/2022-09-13-quarkus-newsletter-24.adoc.po, 7, 7, 271, 271, 0%
l10n/po/zh_CN/_posts/2024-03-15-quarkus-3-2-11-final-released.adoc.po, 26, 26, 270, 270, 0%
l10n/po/zh_CN/_posts/2022-02-04-quarkusworldtour-2022.adoc.po, 16, 16, 270, 270, 0%
l10n/po/zh_CN/_posts/2022-05-13-quarkus-newsletter-20.adoc.po, 8, 8, 268, 268, 0%
l10n/po/zh_CN/_posts/2020-01-07-quarkus-1-1-1-final-released.adoc.po, 20, 21, 267, 268, 1%
l10n/po/zh_CN/_posts/2024-01-16-quarkus-3-6-6-released.adoc.po, 19, 19, 266, 266, 0%
l10n/po/zh_CN/_posts/2021-05-27-quarkus-2-0-0-cr2-released.adoc.po, 23, 24, 264, 265, 1%
l10n/po/zh_CN/_posts/2021-04-07-quarkus-1-13-1-final-released.adoc.po, 19, 19, 256, 256, 0%
l10n/po/zh_CN/_posts/2022-07-19-quarkus-2-10-3-final-released.adoc.po, 17, 17, 255, 255, 0%
l10n/po/zh_CN/_posts/2022-01-10-quarkus-2-6-2-final-released.adoc.po, 18, 18, 255, 255, 0%
l10n/po/zh_CN/_posts/2023-11-13-quarkus-newsletter-38.adoc.po, 6, 6, 253, 253, 0%
l10n/po/zh_CN/_posts/2024-01-11-quarkus-newsletter-40.adoc.po, 6, 6, 252, 252, 0%
l10n/po/zh_CN/_posts/2024-02-08-quarkus-3-7-2-released.adoc.po, 19, 19, 251, 251, 0%
l10n/po/zh_CN/_posts/2024-01-18-search-quarkus-io.adoc.po, 12, 12, 249, 249, 0%
l10n/po/zh_CN/_posts/2023-10-17-quarkus-2-16-12-final-released.adoc.po, 19, 19, 247, 247, 0%
l10n/po/zh_CN/_posts/2024-04-16-quarkus-newsletter-43.adoc.po, 6, 6, 245, 245, 0%
l10n/po/zh_CN/_posts/2023-12-12-quarkus-newsletter-39.adoc.po, 6, 6, 245, 245, 0%
l10n/po/zh_CN/_posts/2023-08-02-quarkus-3-2-3-final-released.adoc.po, 16, 16, 245, 245, 0%
l10n/po/zh_CN/_posts/2023-03-14-quarkus-newsletter-30.adoc.po, 6, 6, 245, 245, 0%
l10n/po/zh_CN/_posts/2022-11-16-quarkus-2-14-1-final-released.adoc.po, 20, 20, 245, 245, 0%
l10n/po/zh_CN/_posts/2023-12-13-quarkus-3-6-3-released.adoc.po, 19, 19, 244, 244, 0%
l10n/po/zh_CN/_posts/2023-10-10-quarkus-newsletter-37.adoc.po, 6, 6, 244, 244, 0%
l10n/po/zh_CN/_posts/2024-02-21-quarkus-3-7-4-released.adoc.po, 19, 19, 242, 242, 0%
l10n/po/zh_CN/_posts/2024-02-14-quarkus-3-7-3-released.adoc.po, 19, 19, 242, 242, 0%
l10n/po/zh_CN/_posts/2021-04-14-quarkus-1-13-2-final-released.adoc.po, 21, 21, 242, 242, 0%
l10n/po/zh_CN/_posts/2023-08-14-quarkus-newsletter-35.adoc.po, 6, 6, 241, 241, 0%
l10n/po/zh_CN/_posts/2022-06-13-quarkus-newsletter-21.adoc.po, 7, 7, 241, 241, 0%
l10n/po/zh_CN/_posts/2024-01-23-quarkus-3-6-7-released.adoc.po, 18, 18, 238, 238, 0%
l10n/po/zh_CN/_posts/2023-08-26-quarkus-2-16-10-final-released.adoc.po, 19, 19, 238, 238, 0%
l10n/po/zh_CN/_posts/2022-08-26-intellij-quarkus-tools-1.12.0.adoc.po, 16, 16, 238, 238, 0%
l10n/po/zh_CN/_posts/2024-04-29-quarkus-3-9-5-released.adoc.po, 18, 18, 237, 237, 0%
l10n/po/zh_CN/_posts/2024-04-18-quarkus-3-9-4-released.adoc.po, 18, 18, 237, 237, 0%
l10n/po/zh_CN/_posts/2024-04-10-quarkus-3-9-3-released.adoc.po, 18, 18, 237, 237, 0%
l10n/po/zh_CN/_posts/2024-04-03-quarkus-3-9-2-released.adoc.po, 18, 18, 237, 237, 0%
l10n/po/zh_CN/_posts/2023-06-13-quarkus-newsletter-33.adoc.po, 6, 6, 236, 236, 0%
l10n/po/zh_CN/_posts/2024-04-17-quarkus-3-8-4-released.adoc.po, 18, 18, 235, 235, 0%
l10n/po/zh_CN/_posts/2023-10-13-quarkus-3-4-3-released.adoc.po, 18, 18, 234, 234, 0%
l10n/po/zh_CN/_posts/2019-08-15-quarkus-0-21-1-released.adoc.po, 16, 17, 234, 235, 1%
l10n/po/zh_CN/_posts/2024-03-07-quarkus-3-8-2-released.adoc.po, 18, 18, 233, 233, 0%
l10n/po/zh_CN/_posts/2022-07-14-quarkus-newsletter-22.adoc.po, 7, 7, 233, 233, 0%
l10n/po/zh_CN/_posts/2022-02-08-quarkus-2-7-1-final-released.adoc.po, 20, 21, 232, 233, 1%
l10n/po/zh_CN/_posts/2021-05-06-quarkus-2-0-0-alpha2-released.adoc.po, 21, 23, 232, 235, 2%
l10n/po/zh_CN/_posts/2023-08-29-quarkus-3-3-1-released.adoc.po, 17, 17, 231, 231, 0%
l10n/po/zh_CN/_posts/2022-08-08-quarkus-2-11-2-final-released.adoc.po, 18, 18, 231, 231, 0%
l10n/po/zh_CN/_posts/2023-11-09-quarkus-3-5-1-released.adoc.po, 19, 19, 230, 230, 0%
l10n/po/zh_CN/_posts/2023-02-13-quarkus-newsletter-29.adoc.po, 6, 6, 229, 229, 0%
l10n/po/zh_CN/_posts/2024-03-13-quarkus-newsletter-42.adoc.po, 6, 6, 228, 228, 0%
l10n/po/zh_CN/_posts/2023-07-13-quarkus-newsletter-34.adoc.po, 6, 6, 228, 228, 0%
l10n/po/zh_CN/_posts/2022-11-07-quarkus-2-13-4-final-released.adoc.po, 18, 18, 226, 226, 0%
l10n/po/zh_CN/_posts/2022-03-08-intellij-quarkus-tools-1.10.0.adoc.po, 15, 15, 226, 226, 0%
l10n/po/zh_CN/_posts/2021-12-20-quarkus-2-5-4-final-released.adoc.po, 20, 20, 225, 225, 0%
l10n/po/zh_CN/_posts/2023-09-06-quarkus-3-3-2-released.adoc.po, 18, 18, 224, 224, 0%
l10n/po/zh_CN/_posts/2021-12-24-quarkus-2-6-1-final-released.adoc.po, 16, 16, 224, 224, 0%
l10n/po/zh_CN/_posts/2023-04-12-quarkus-newsletter-31.adoc.po, 6, 6, 221, 221, 0%
l10n/po/zh_CN/_posts/2022-11-17-quarkus-newsletter-26.adoc.po, 6, 6, 221, 221, 0%
l10n/po/zh_CN/_posts/2022-08-17-quarkus-newsletter-23.adoc.po, 7, 7, 220, 220, 0%
l10n/po/zh_CN/_posts/2024-01-10-quarkus-3-6-5-released.adoc.po, 18, 18, 219, 219, 0%
l10n/po/zh_CN/_posts/2023-12-20-quarkus-3-6-4-released.adoc.po, 18, 18, 219, 219, 0%
l10n/po/zh_CN/_posts/2023-12-06-quarkus-3-6-1-released.adoc.po, 18, 18, 219, 219, 0%
l10n/po/zh_CN/_posts/2022-08-25-l10n-of-quarkusio.adoc.po, 13, 13, 218, 218, 0%
l10n/po/zh_CN/_posts/2023-11-21-quarkus-3-5-3-released.adoc.po, 18, 18, 217, 217, 0%
l10n/po/zh_CN/_posts/2023-11-16-quarkus-3-5-2-released.adoc.po, 18, 18, 217, 217, 0%
l10n/po/zh_CN/_posts/2020-01-23-quarkus-fault-tolerance-4-0.adoc.po, 8, 8, 217, 217, 0%
l10n/po/zh_CN/_posts/2020-09-18-quarkus-1-8-1-final-released.adoc.po, 19, 19, 215, 215, 0%
l10n/po/zh_CN/_posts/2023-10-05-quarkus-3-4-2-released.adoc.po, 17, 17, 210, 210, 0%
l10n/po/zh_CN/_posts/2020-10-12-intellij-quarkus-tools-1.2.0.adoc.po, 32, 32, 210, 210, 0%
l10n/po/zh_CN/_posts/2020-07-21-quarkus-1-6-1-final-released.adoc.po, 16, 16, 210, 210, 0%
l10n/po/zh_CN/_posts/2021-05-20-quarkus-2-0-0-alpha3-released.adoc.po, 25, 26, 207, 208, 1%
l10n/po/zh_CN/_posts/2022-02-23-quarkus-2-7-2-final-released.adoc.po, 18, 18, 206, 206, 0%
l10n/po/zh_CN/_posts/2020-05-08-insights-1.adoc.po, 14, 14, 206, 206, 0%
l10n/po/zh_CN/_posts/2019-09-05-quarkus-0-21-2-released.adoc.po, 16, 17, 206, 207, 1%
l10n/po/zh_CN/_posts/2022-04-14-quarkus-newsletter-19.adoc.po, 6, 6, 205, 205, 0%
l10n/po/zh_CN/_posts/2023-11-20-quarkus-3-2-9-final-released.adoc.po, 20, 20, 204, 204, 0%
l10n/po/zh_CN/_posts/2021-06-04-quarkus-2-0-0-cr3-released.adoc.po, 20, 21, 204, 205, 1%
l10n/po/zh_CN/_posts/2023-07-31-quarkus-2-16-9-final-released.adoc.po, 15, 15, 203, 203, 0%
l10n/po/zh_CN/_posts/2023-01-13-quarkus-newsletter-28.adoc.po, 6, 6, 203, 203, 0%
l10n/po/zh_CN/_posts/2022-12-21-quarkus-2-15-1-final-released.adoc.po, 15, 15, 203, 203, 0%
l10n/po/zh_CN/_posts/2022-10-11-quarkus-newsletter-25.adoc.po, 6, 6, 203, 203, 0%
l10n/po/zh_CN/_posts/2023-10-19-quarkus-3-2-7-final-released.adoc.po, 20, 20, 202, 202, 0%
l10n/po/zh_CN/_posts/2023-07-05-quarkus-2-16-8-final-released.adoc.po, 15, 15, 202, 202, 0%
l10n/po/zh_CN/_posts/2021-10-25-intellij-quarkus-tools-1.8.0.adoc.po, 18, 18, 200, 200, 0%
l10n/po/zh_CN/_posts/2023-08-28-quarkus-3-2-5-final-released.adoc.po, 16, 16, 199, 199, 0%
l10n/po/zh_CN/_posts/2023-08-11-quarkus-3-2-4-final-released.adoc.po, 16, 16, 198, 198, 0%
l10n/po/zh_CN/_posts/2020-05-20-insights-3.adoc.po, 12, 12, 198, 198, 0%
l10n/po/zh_CN/_posts/2023-02-01-quarkus-2-16-1-final-released.adoc.po, 16, 16, 196, 196, 0%
l10n/po/zh_CN/_posts/2024-02-13-quarkus-newsletter-41.adoc.po, 6, 6, 194, 194, 0%
l10n/po/zh_CN/_posts/2022-12-15-quarkus-newsletter-27.adoc.po, 6, 6, 194, 194, 0%
l10n/po/zh_CN/_posts/2021-05-26-quarkus-1-13-5-final-released.adoc.po, 19, 19, 191, 191, 0%
l10n/po/zh_CN/_posts/2019-11-28-quarkus-1-0-1-final-released.adoc.po, 18, 18, 187, 187, 0%
l10n/po/zh_CN/_posts/2023-06-29-quarkus-3-1-3-final-released.adoc.po, 16, 16, 185, 185, 0%
l10n/po/zh_CN/_posts/2023-06-16-quarkus-3-1-2-final-released.adoc.po, 16, 16, 185, 185, 0%
l10n/po/zh_CN/_posts/2023-06-07-quarkus-3-1-1-final-released.adoc.po, 16, 16, 185, 185, 0%
l10n/po/zh_CN/_posts/2022-02-23-quarkus-newsletter-17.adoc.po, 6, 6, 184, 184, 0%
l10n/po/zh_CN/_posts/2021-01-27-quarkus-1-11-1-final-released.adoc.po, 18, 19, 183, 184, 1%
l10n/po/zh_CN/_posts/2021-03-11-quarkus-1-12-2-final-released.adoc.po, 19, 19, 182, 182, 0%
l10n/po/zh_CN/_posts/2023-05-15-quarkus-newsletter-32.adoc.po, 6, 6, 181, 181, 0%
l10n/po/zh_CN/_posts/2021-08-20-60th-quarkus-insights.adoc.po, 11, 11, 179, 179, 0%
l10n/po/zh_CN/_posts/2022-11-23-intellij-quarkus-tools-1.14.0.adoc.po, 14, 14, 178, 178, 0%
l10n/po/zh_CN/_posts/2022-03-17-quarkus-newsletter-18.adoc.po, 6, 6, 176, 176, 0%
l10n/po/zh_CN/_posts/2021-06-09-quarkus-1-13-7-final-released.adoc.po, 17, 17, 174, 174, 0%
l10n/po/zh_CN/_posts/2020-06-18-quarkus-1-5-2-final-released.adoc.po, 16, 16, 171, 171, 0%
l10n/po/zh_CN/_posts/2023-11-08-quarkus-3-2-8-final-released.adoc.po, 16, 16, 170, 170, 0%
l10n/po/zh_CN/_posts/2023-05-25-quarkus-3-0-4-final-released.adoc.po, 15, 15, 170, 170, 0%
l10n/po/zh_CN/_posts/2023-05-10-quarkus-3-0-3-final-released.adoc.po, 15, 15, 170, 170, 0%
l10n/po/zh_CN/_posts/2023-05-04-quarkus-3-0-2-final-released.adoc.po, 15, 15, 170, 170, 0%
l10n/po/zh_CN/_posts/2023-03-06-quarkus-2-16-4-final-released.adoc.po, 15, 15, 168, 168, 0%
l10n/po/zh_CN/_posts/2023-02-17-quarkus-2-16-3-final-released.adoc.po, 15, 15, 166, 166, 0%
l10n/po/zh_CN/_posts/2021-05-27-quarkus-1-13-6-final-released.adoc.po, 16, 16, 166, 166, 0%
l10n/po/zh_CN/_posts/2021-10-18-quarkus-newsletter-13.adoc.po, 6, 6, 165, 165, 0%
l10n/po/zh_CN/_posts/2022-09-07-quarkus-2-12-1-final-released.adoc.po, 16, 16, 163, 163, 0%
l10n/po/zh_CN/_posts/2022-10-19-quarkus-2-13-3-final-released.adoc.po, 14, 14, 162, 162, 0%
l10n/po/zh_CN/_posts/2020-04-08-quarkus-1-3-2-final-released.adoc.po, 16, 16, 162, 162, 0%
l10n/po/zh_CN/_posts/2020-12-16-quarkus-1-10-5-final-released.adoc.po, 16, 16, 161, 161, 0%
l10n/po/zh_CN/_posts/2020-10-09-quarkus-1-8-3-final-released.adoc.po, 15, 15, 159, 159, 0%
l10n/po/zh_CN/_posts/2020-02-19-quarkus-1-2-1-final-released.adoc.po, 15, 15, 159, 159, 0%
l10n/po/zh_CN/_posts/2023-01-04-quarkus-2-15-2-final-released.adoc.po, 14, 14, 158, 158, 0%
l10n/po/zh_CN/_posts/2021-02-09-quarkus-1-11-2-final-released.adoc.po, 18, 18, 158, 158, 0%
l10n/po/zh_CN/_posts/2021-07-16-quarkus-newsletter-10.adoc.po, 6, 6, 157, 157, 0%
l10n/po/zh_CN/_posts/2020-05-07-quarkus-newsletter-6.adoc.po, 6, 6, 156, 156, 0%
l10n/po/zh_CN/_posts/2020-12-08-quarkus-1-10-3-final-released.adoc.po, 16, 16, 155, 155, 0%
l10n/po/zh_CN/_posts/2021-12-16-quarkus-newsletter-15.adoc.po, 6, 6, 153, 153, 0%
l10n/po/zh_CN/_posts/2020-10-28-quarkus-1-9-1-final-released.adoc.po, 15, 15, 153, 153, 0%
l10n/po/zh_CN/_posts/2023-07-24-profile-and-monitor-native-executables-with-jfr.adoc.po, 7, 7, 152, 152, 0%
l10n/po/zh_CN/_posts/2022-07-06-quarkus-2-10-2-final-released.adoc.po, 14, 14, 152, 152, 0%
l10n/po/zh_CN/_posts/2022-03-02-quarkus-2-7-3-final-released.adoc.po, 15, 15, 152, 152, 0%
l10n/po/zh_CN/_posts/2021-02-11-quarkus-1-11-3-final-released.adoc.po, 13, 13, 152, 152, 0%
l10n/po/zh_CN/_posts/2020-11-05-quarkus-1-9-2-final-released.adoc.po, 15, 15, 152, 152, 0%
l10n/po/zh_CN/_posts/2022-05-25-quarkus-2-9-2-final-released.adoc.po, 14, 14, 151, 151, 0%
l10n/po/zh_CN/_posts/2022-05-06-quarkus-2-8-3-final-released.adoc.po, 14, 14, 151, 151, 0%
l10n/po/zh_CN/_posts/2022-01-13-quarkus-newsletter-16.adoc.po, 6, 6, 150, 150, 0%
l10n/po/zh_CN/_posts/2023-02-09-quarkus-2-16-2-final-released.adoc.po, 15, 15, 149, 149, 0%
l10n/po/zh_CN/_posts/2022-10-06-quarkus-2-13-1-final-released.adoc.po, 14, 14, 149, 149, 0%
l10n/po/zh_CN/_posts/2022-08-24-quarkus-2-11-3-final-released.adoc.po, 16, 16, 149, 149, 0%
l10n/po/zh_CN/_posts/2020-08-18-quarkus-hackathon-finalist-announcement.adoc.po, 23, 23, 149, 149, 0%
l10n/po/zh_CN/_posts/2023-05-05-quarkus-2-16-7-final-released.adoc.po, 15, 15, 148, 148, 0%
l10n/po/zh_CN/_posts/2023-04-04-quarkus-2-16-6-final-released.adoc.po, 15, 15, 148, 148, 0%
l10n/po/zh_CN/_posts/2023-03-22-quarkus-2-16-5-final-released.adoc.po, 15, 15, 148, 148, 0%
l10n/po/zh_CN/_posts/2020-09-09-quarkus-1-7-3-final-released.adoc.po, 15, 15, 148, 148, 0%
l10n/po/zh_CN/_posts/2023-01-10-quarkus-2-15-3-final-released.adoc.po, 14, 14, 147, 147, 0%
l10n/po/zh_CN/_posts/2022-10-12-quarkus-2-13-2-final-released.adoc.po, 14, 14, 147, 147, 0%
l10n/po/zh_CN/_posts/2021-09-16-quarkus-2-2-3-final-released.adoc.po, 14, 14, 146, 146, 0%
l10n/po/zh_CN/_posts/2022-05-17-quarkus-2-9-1-final-released.adoc.po, 14, 14, 145, 145, 0%
l10n/po/zh_CN/_posts/2021-07-13-quarkus-2-0-2-final-released.adoc.po, 14, 14, 145, 145, 0%
l10n/po/zh_CN/_posts/2020-08-27-quarkus-1-7-1-final-released.adoc.po, 15, 15, 145, 145, 0%
l10n/po/zh_CN/_posts/2021-03-03-quarkus-1-12-1-final-released.adoc.po, 16, 16, 144, 144, 0%
l10n/po/zh_CN/_posts/2021-12-15-quarkus-2-5-3-final-released.adoc.po, 14, 14, 143, 143, 0%
l10n/po/zh_CN/_posts/2021-12-10-quarkus-2-5-2-final-released.adoc.po, 14, 14, 143, 143, 0%
l10n/po/zh_CN/_posts/2021-12-01-quarkus-2-5-1-final-released.adoc.po, 14, 14, 143, 143, 0%
l10n/po/zh_CN/_posts/2021-11-12-quarkus-2-4-2-final-released.adoc.po, 14, 14, 143, 143, 0%
l10n/po/zh_CN/_posts/2021-11-03-quarkus-2-4-1-final-released.adoc.po, 14, 14, 143, 143, 0%
l10n/po/zh_CN/_posts/2021-10-20-quarkus-2-3-1-final-released.adoc.po, 14, 14, 143, 143, 0%
l10n/po/zh_CN/_posts/2021-09-07-quarkus-2-2-2-final-released.adoc.po, 14, 14, 143, 143, 0%
l10n/po/zh_CN/_posts/2021-08-26-quarkus-2-1-4-final-released.adoc.po, 14, 14, 141, 141, 0%
l10n/po/zh_CN/_posts/2022-12-06-quarkus-2-14-3-final-released.adoc.po, 14, 14, 140, 140, 0%
l10n/po/zh_CN/_posts/2022-09-20-intellij-quarkus-tools-1.13.0.adoc.po, 14, 14, 140, 140, 0%
l10n/po/zh_CN/_posts/2022-06-29-quarkus-2-10-1-final-released.adoc.po, 14, 14, 140, 140, 0%
l10n/po/zh_CN/_posts/2022-03-09-quarkus-2-7-4-final-released.adoc.po, 14, 14, 140, 140, 0%
l10n/po/zh_CN/_posts/2022-01-20-quarkus-2-6-3-final-released.adoc.po, 14, 14, 140, 140, 0%
l10n/po/zh_CN/_posts/2021-12-03-intellij-quarkus-tools-1.9.0.adoc.po, 12, 12, 140, 140, 0%
l10n/po/zh_CN/_posts/2021-11-11-quarkus-newsletter-14.adoc.po, 6, 6, 140, 140, 0%
l10n/po/zh_CN/_posts/2021-05-12-quarkus-1-13-4-final-released.adoc.po, 15, 15, 140, 140, 0%
l10n/po/zh_CN/_posts/2021-04-28-quarkus-1-13-3-final-released.adoc.po, 15, 15, 140, 140, 0%
l10n/po/zh_CN/_posts/2022-09-21-quarkus-2-12-3-final-released.adoc.po, 15, 15, 139, 139, 0%
l10n/po/zh_CN/_posts/2022-04-26-quarkus-2-8-2-final-released.adoc.po, 14, 14, 139, 139, 0%
l10n/po/zh_CN/_posts/2022-04-19-quarkus-2-8-1-final-released.adoc.po, 14, 14, 139, 139, 0%
l10n/po/zh_CN/_posts/2022-03-16-quarkus-2-7-5-final-released.adoc.po, 14, 14, 139, 139, 0%
l10n/po/zh_CN/_posts/2021-07-22-quarkus-2-0-3-final-released.adoc.po, 14, 14, 139, 139, 0%
l10n/po/zh_CN/_posts/2020-09-28-quarkus-newsletter-8.adoc.po, 8, 8, 139, 139, 0%
l10n/po/zh_CN/_posts/2022-09-13-quarkus-2-12-2-final-released.adoc.po, 15, 15, 138, 138, 0%
l10n/po/zh_CN/_posts/2021-08-19-quarkus-2-1-3-final-released.adoc.po, 14, 14, 138, 138, 0%
l10n/po/zh_CN/_posts/2021-08-11-quarkus-2-1-2-final-released.adoc.po, 14, 14, 138, 138, 0%
l10n/po/zh_CN/_posts/2021-08-04-quarkus-2-1-1-final-released.adoc.po, 14, 14, 138, 138, 0%
l10n/po/zh_CN/_posts/2021-07-07-quarkus-2-0-1-final-released.adoc.po, 14, 14, 138, 138, 0%
l10n/po/zh_CN/_posts/2020-05-15-insights-2.adoc.po, 8, 8, 138, 138, 0%
l10n/po/zh_CN/_posts/2021-09-14-quarkus-newsletter-12.adoc.po, 6, 6, 137, 137, 0%
l10n/po/zh_CN/_posts/2020-10-06-quarkus-1-8-2-final-released.adoc.po, 14, 14, 137, 137, 0%
l10n/po/zh_CN/_posts/2021-03-11-ja-quarkus-io.adoc.po, 5, 5, 135, 135, 0%
l10n/po/zh_CN/_posts/2020-09-03-quarkus-1-7-2-final-released.adoc.po, 14, 14, 135, 135, 0%
l10n/po/zh_CN/_posts/2020-05-20-insights-4-5.adoc.po, 9, 9, 135, 135, 0%
l10n/po/zh_CN/_posts/2021-08-20-quarkus-newsletter-11.adoc.po, 6, 6, 133, 133, 0%
l10n/po/zh_CN/_posts/2020-06-11-quarkus-1-5-1-final-released.adoc.po, 13, 13, 115, 115, 0%
l10n/po/zh_CN/_posts/2020-05-05-quarkus-1-4-2-final-released.adoc.po, 13, 13, 115, 115, 0%
l10n/po/zh_CN/_posts/2022-07-19-quarkus-insights-qanda4.adoc.po, 7, 7, 112, 112, 0%
l10n/po/zh_CN/_posts/2019-10-15-quarkus-on-jboss-asylum-podcast.adoc.po, 7, 7, 112, 112, 0%
l10n/po/zh_CN/_posts/2020-08-29-quarkus-hackathon-winners-announced.adoc.po, 17, 17, 109, 109, 0%
l10n/po/zh_CN/_posts/2021-05-27-quarkus-insights-qanda2.adoc.po, 5, 5, 107, 107, 0%
l10n/po/zh_CN/_posts/2020-01-14-quarkus-newsletter-4.adoc.po, 6, 6, 107, 107, 0%
l10n/po/zh_CN/_posts/2019-11-18-quarkus-newsletter-2.adoc.po, 6, 6, 106, 106, 0%
l10n/po/zh_CN/_posts/2021-02-17-intellij-quarkus-tools-1.4.0.adoc.po, 10, 10, 101, 101, 0%
l10n/po/zh_CN/_posts/2019-12-16-quarkus-newsletter-3.adoc.po, 6, 6, 98, 98, 0%
l10n/po/zh_CN/_posts/2020-09-17-intellij-quarkus-tools-1.1.0.adoc.po, 14, 14, 96, 96, 0%
l10n/po/zh_CN/_posts/2020-06-25-quarkus-newsletter-7.adoc.po, 5, 5, 94, 94, 0%
l10n/po/zh_CN/_posts/2021-01-15-intellij-quarkus-tools-1.3.0.adoc.po, 10, 10, 91, 91, 0%
l10n/po/zh_CN/_posts/2022-01-13-quarkus-insights-qanda3.adoc.po, 6, 6, 90, 90, 0%
l10n/po/zh_CN/_posts/2021-02-02-quarkus-insights-qanda.adoc.po, 6, 6, 90, 90, 0%
l10n/po/zh_CN/_posts/2020-02-26-quarkus-newsletter-5.adoc.po, 5, 5, 90, 90, 0%
l10n/po/zh_CN/_posts/2021-01-26-quarkus-newsletter-9.adoc.po, 5, 5, 83, 83, 0%
l10n/po/zh_CN/_posts/2019-10-01-quarkus-newsletter-1.adoc.po, 6, 6, 82, 82, 0%
l10n/po/zh_CN/_posts/2019-05-08-welcome.adoc.po, 4, 4, 75, 75, 0%
l10n/po/zh_CN/_posts/2023-11-08-mandrel-23-1-image-size-increase.md.po, 1, 91, 1, 1816, 100%
l10n/po/zh_CN/_posts/2023-11-02-mandrel-23-0-image-size-increase.md.po, 1, 124, 1, 3025, 100%
l10n/po/zh_CN/_posts/2024-05-22-quarkus-3-10-2-released.adoc.po, 0, 17, 0, 236, 100%
l10n/po/zh_CN/_posts/2024-05-15-quarkus-newsletter-44.adoc.po, 0, 6, 0, 223, 100%
l10n/po/zh_CN/_posts/2024-05-15-quarkus-3-10-1-released.adoc.po, 0, 18, 0, 253, 100%
